ANALYSIS	GT_VARSCAN	GT_GATK	GT_SAMTOOLS	GT_FREEBAYES	GT_VARDICT
True Positives	42.0	35.0	32.0	27.0	42.0
False Positives	257.0	86.0	83.0	83.0	210.0
False Negatives	35.0	42.0	45.0	50.0	35.0
True Positive Rate	0.5454545454545454	0.45454545454545453	0.4155844155844156	0.35064935064935066	0.5454545454545454
Positive Predictive Value	0.14046822742474915	0.2892561983471074	0.2782608695652174	0.24545454545454545	0.16666666666666666
False Negative Rate	0.45454545454545453	0.5454545454545454	0.5844155844155844	0.6493506493506493	0.45454545454545453
False Discovery Rate	0.8595317725752508	0.7107438016528925	0.7217391304347827	0.7545454545454545	0.8333333333333334
